<?xml version="1.0" encoding="UTF-8"?>
<configurationDescriptor version="95">
  <logicalFolder name="root" displayName="root" projectFiles="true" kind="ROOT">
    <logicalFolder name="HeaderFiles"
                   displayName="Header Files"
                   projectFiles="true">
      <itemPath>/media/emre/OS/Users/emre/Desktop/cpp/HW5_Emre_Bayram_141044019/CppApplication_2/Cell.h</itemPath>
    </logicalFolder>
    <logicalFolder name="ResourceFiles"
                   displayName="Resource Files"
                   projectFiles="true">
      <itemPath>/media/emre/OS/Users/emre/Desktop/cpp/HW5_Emre_Bayram_141044019/CppApplication_2/Cell.cpp</itemPath>
    </logicalFolder>
    <logicalFolder name="SourceFiles"
                   displayName="Source Files"
                   projectFiles="true">
      <itemPath>/media/emre/OS/Users/emre/Desktop/cpp/HW5_Emre_Bayram_141044019/CppApplication_2/main.cpp</itemPath>
    </logicalFolder>
    <logicalFolder name="TestFiles"
                   displayName="Test Files"
                   projectFiles="false"
                   kind="TEST_LOGICAL_FOLDER">
    </logicalFolder>
    <logicalFolder name="ExternalFiles"
                   displayName="Important Files"
                   projectFiles="false"
                   kind="IMPORTANT_FILES_FOLDER">
      <itemPath>Makefile</itemPath>
    </logicalFolder>
  </logicalFolder>
  <projectmakefile>Makefile</projectmakefile>
  <confs>
    <conf name="Debug" type="1">
      <toolsSet>
        <compilerSet>default</compilerSet>
        <dependencyChecking>true</dependencyChecking>
        <rebuildPropChanged>false</rebuildPropChanged>
      </toolsSet>
      <compileType>
      </compileType>
      <item path="/media/emre/OS/Users/emre/Desktop/cpp/HW5_Emre_Bayram_141044019/CppApplication_2/Cell.cpp"
            ex="false"
            tool="1"
            flavor2="0">
      </item>
      <item path="/media/emre/OS/Users/emre/Desktop/cpp/HW5_Emre_Bayram_141044019/CppApplication_2/Cell.h"
            ex="false"
            tool="3"
            flavor2="0">
      </item>
      <item path="/media/emre/OS/Users/emre/Desktop/cpp/HW5_Emre_Bayram_141044019/CppApplication_2/main.cpp"
            ex="false"
            tool="1"
            flavor2="0">
      </item>
      <folder path="TestFiles/f1">
        <cTool>
          <incDir>
            <pElem>.</pElem>
          </incDir>
        </cTool>
        <ccTool>
          <incDir>
            <pElem>.</pElem>
          </incDir>
        </ccTool>
        <linkerTool>
          <output>${TESTDIR}/TestFiles/f1</output>
        </linkerTool>
      </folder>
    </conf>
    <conf name="Release" type="1">
      <toolsSet>
        <compilerSet>default</compilerSet>
        <dependencyChecking>true</dependencyChecking>
        <rebuildPropChanged>false</rebuildPropChanged>
      </toolsSet>
      <compileType>
        <cTool>
          <developmentMode>5</developmentMode>
        </cTool>
        <ccTool>
          <developmentMode>5</developmentMode>
        </ccTool>
        <fortranCompilerTool>
          <developmentMode>5</developmentMode>
        </fortranCompilerTool>
        <asmTool>
          <developmentMode>5</developmentMode>
        </asmTool>
      </compileType>
      <item path="/media/emre/OS/Users/emre/Desktop/cpp/HW5_Emre_Bayram_141044019/CppApplication_2/Cell.cpp"
            ex="false"
            tool="1"
            flavor2="0">
      </item>
      <item path="/media/emre/OS/Users/emre/Desktop/cpp/HW5_Emre_Bayram_141044019/CppApplication_2/Cell.h"
            ex="false"
            tool="3"
            flavor2="0">
      </item>
      <item path="/media/emre/OS/Users/emre/Desktop/cpp/HW5_Emre_Bayram_141044019/CppApplication_2/main.cpp"
            ex="false"
            tool="1"
            flavor2="0">
      </item>
      <folder path="TestFiles/f1">
        <cTool>
          <incDir>
            <pElem>.</pElem>
          </incDir>
        </cTool>
        <ccTool>
          <incDir>
            <pElem>.</pElem>
          </incDir>
        </ccTool>
        <linkerTool>
          <output>${TESTDIR}/TestFiles/f1</output>
        </linkerTool>
      </folder>
    </conf>
  </confs>
</configurationDescriptor>
