<?xml version="1.0" encoding="UTF-8"?>
<project-private xmlns="http://www.netbeans.org/ns/project-private/1">
    <data xmlns="http://www.netbeans.org/ns/make-project-private/1">
        <activeConfTypeElem>1</activeConfTypeElem>
        <activeConfIndexElem>0</activeConfIndexElem>
    </data>
    <editor-bookmarks xmlns="http://www.netbeans.org/ns/editor-bookmarks/2" lastBookmarkId="0"/>
    <open-files xmlns="http://www.netbeans.org/ns/projectui-open-files/2">
        <group>
            <file>file:/home/emre/NetBeansProjects/HW8_141044019_Emre_Bayram/Executable.h</file>
            <file>file:/home/emre/NetBeansProjects/HW8_141044019_Emre_Bayram/directory.cpp</file>
            <file>file:/home/emre/NetBeansProjects/HW8_141044019_Emre_Bayram/TextFile.cpp</file>
            <file>file:/home/emre/NetBeansProjects/HW8_141044019_Emre_Bayram/HW8_Files.h</file>
            <file>file:/home/emre/NetBeansProjects/HW8_141044019_Emre_Bayram/Executable.cpp</file>
            <file>file:/home/emre/NetBeansProjects/HW8_141044019_Emre_Bayram/main.cpp</file>
            <file>file:/home/emre/NetBeansProjects/HW8_141044019_Emre_Bayram/directory.h</file>
            <file>file:/home/emre/NetBeansProjects/HW8_141044019_Emre_Bayram/TextFile.h</file>
        </group>
    </open-files>
</project-private>
